<?xml version="1.0" encoding="UTF-8" standalone="yes"?>
<product>
    <properties-translations/>
    <uuid>ee668096-ae23-4190-9dab-fb37a5d37242</uuid>
    <name>AppDirect Challenge</name>
    <type>WEB_APP</type>
    <locale>en</locale>
    <addonPurchaseDisabled>false</addonPurchaseDisabled>
    <listing>
        <properties-translations/>
        <companyName>Nicolas's Company</companyName>
        <languages>
            <language>en</language>
        </languages>
    </listing>
    <overview>
        <properties-translations>
            <entry>
                <key>imageUrl</key>
                <value>
                    <translations/>
                </value>
            </entry>
        </properties-translations>
        <splashTitle>Challenge</splashTitle>
        <splashDescription>AppDirect Challenge</splashDescription>
        <imageUrl>/app_resources/77081/overview/img6733624526252102427.png</imageUrl>
        <benefits/>
    </overview>
    <support>
        <properties-translations/>
    </support>
    <integrationConfiguration>
        <properties-translations/>
        <api11>true</api11>
        <createUrl>https://boiling-shore-27676.herokuapp.com/api/notification/subscription/create?url={eventUrl}</createUrl>
        <createUrlInteractive>false</createUrlInteractive>
        <upgradeUrl>https://boiling-shore-27676.herokuapp.com/api/notification/subscription/change?url={eventUrl}</upgradeUrl>
        <upgradeUrlInteractive>false</upgradeUrlInteractive>
        <cancelUrl>https://boiling-shore-27676.herokuapp.com/api/notification/subscription/cancel?url={eventUrl}</cancelUrl>
        <cancelUrlInteractive>false</cancelUrlInteractive>
        <notifyUrl>https://boiling-shore-27676.herokuapp.com/api/notification/subscription/status?url={eventUrl}</notifyUrl>
        <assignUrl>https://boiling-shore-27676.herokuapp.com/api/notification/access/assign?url={eventUrl}</assignUrl>
        <unassignUrl>https://boiling-shore-27676.herokuapp.com/api/notification/access/unassign?url={eventUrl}</unassignUrl>
        <upcomingInvoiceEnabled>false</upcomingInvoiceEnabled>
        <openIdLoginUrl>https://boiling-shore-27676.herokuapp.com/login/openid?openid_identifier={openid}</openIdLoginUrl>
        <openIdLoginMethod>GET</openIdLoginMethod>
        <orderRequireFormFields>false</orderRequireFormFields>
        <skipDomainRegistration>false</skipDomainRegistration>
        <billRateRequired>false</billRateRequired>
        <titleRequired>false</titleRequired>
        <departmentRequired>false</departmentRequired>
        <zipCodeRequired>false</zipCodeRequired>
        <timezoneRequired>false</timezoneRequired>
        <appAdminRequired>false</appAdminRequired>
        <accessRightsRequired>false</accessRightsRequired>
        <userNameRequired>false</userNameRequired>
        <passwordRequired>false</passwordRequired>
        <idNumberRequired>false</idNumberRequired>
        <orderFormFields/>
    </integrationConfiguration>
    <features/>
    <bullets/>
    <footnotes/>
    <editions>
        <edition>
            <properties-translations/>
            <uuid>71a7b6c0-337f-41d6-af8c-a53fc8b78e1c</uuid>
            <rank>1</rank>
            <name>Free Edition</name>
            <primary>true</primary>
            <editionCode>FREE</editionCode>
            <trialEdition>false</trialEdition>
            <bundleOnly>false</bundleOnly>
            <invisible>false</invisible>
            <nonBuyable>false</nonBuyable>
            <revenueType>FREE</revenueType>
            <restricted>false</restricted>
            <trial>
                <length>0</length>
                <unit>DAY</unit>
            </trial>
            <plans>
                <plan>
                    <properties-translations/>
                    <uuid>5aae960e-c7ad-44e7-a127-6429b4049417</uuid>
                    <frequency>MONTHLY</frequency>
                    <allowCustomUsage>false</allowCustomUsage>
                    <keepBillDateOnUsageChange>false</keepBillDateOnUsageChange>
                    <separatePrepaid>false</separatePrepaid>
                    <primaryPrice>false</primaryPrice>
                    <contract>
                        <properties-translations/>
                        <terminationFees/>
                        <blockContractDowngrades>false</blockContractDowngrades>
                        <blockContractUpgrades>false</blockContractUpgrades>
                        <blockSwitchToShorterContract>false</blockSwitchToShorterContract>
                        <continueWithoutContract>true</continueWithoutContract>
                        <terminationFeeGracePeriodUnit>DAY</terminationFeeGracePeriodUnit>
                        <terminationFeeType>NONE</terminationFeeType>
                    </contract>
                    <planUnits>
                        <planUnit>
                            <unit>NOT_APPLICABLE</unit>
                            <pricingStrategy>FREE</pricingStrategy>
                            <meteredUsage>false</meteredUsage>
                            <increment>1.0000000000</increment>
                            <pricePerIncrement>false</pricePerIncrement>
                            <blockContractDecrease>false</blockContractDecrease>
                            <blockContractIncrease>false</blockContractIncrease>
                            <blockOriginalContractDecrease>false</blockOriginalContractDecrease>
                            <costs/>
                        </planUnit>
                    </planUnits>
                </plan>
            </plans>
            <bullets/>
            <items>
                <item>
                    <unit>USER</unit>
                    <unlimited>true</unlimited>
                </item>
            </items>
            <customizations/>
        </edition>
        <edition>
            <properties-translations/>
            <uuid>74688fb8-c273-40c0-8985-78b0e3a9b56f</uuid>
            <rank>1</rank>
            <name>Premium Edition</name>
            <primary>false</primary>
            <editionCode>PREMIUM</editionCode>
            <trialEdition>false</trialEdition>
            <bundleOnly>false</bundleOnly>
            <invisible>false</invisible>
            <nonBuyable>false</nonBuyable>
            <revenueType>FREE</revenueType>
            <restricted>false</restricted>
            <trial>
                <length>0</length>
                <unit>DAY</unit>
            </trial>
            <plans>
                <plan>
                    <properties-translations/>
                    <uuid>6d43d255-d3a1-4f9b-ab09-71c65140ff39</uuid>
                    <frequency>MONTHLY</frequency>
                    <allowCustomUsage>false</allowCustomUsage>
                    <keepBillDateOnUsageChange>false</keepBillDateOnUsageChange>
                    <separatePrepaid>false</separatePrepaid>
                    <primaryPrice>false</primaryPrice>
                    <reactivationPeriod>0</reactivationPeriod>
                    <contract>
                        <properties-translations/>
                        <terminationFees/>
                        <blockContractDowngrades>false</blockContractDowngrades>
                        <blockContractUpgrades>false</blockContractUpgrades>
                        <blockSwitchToShorterContract>false</blockSwitchToShorterContract>
                        <continueWithoutContract>true</continueWithoutContract>
                        <terminationFeeGracePeriodUnit>DAY</terminationFeeGracePeriodUnit>
                        <terminationFeeType>NONE</terminationFeeType>
                    </contract>
                    <planUnits>
                        <planUnit>
                            <unit>NOT_APPLICABLE</unit>
                            <pricingStrategy>FREE</pricingStrategy>
                            <meteredUsage>false</meteredUsage>
                            <increment>1.0000000000</increment>
                            <pricePerIncrement>false</pricePerIncrement>
                            <blockContractDecrease>false</blockContractDecrease>
                            <blockContractIncrease>false</blockContractIncrease>
                            <blockOriginalContractDecrease>false</blockOriginalContractDecrease>
                            <costs/>
                        </planUnit>
                    </planUnits>
                </plan>
            </plans>
            <bullets/>
            <items>
                <item>
                    <unit>USER</unit>
                    <unlimited>true</unlimited>
                </item>
            </items>
            <customizations/>
        </edition>
    </editions>
    <addonOfferings/>
    <screenshots/>
    <resources/>
    <featuredCustomers/>
    <featuredMedia/>
    <categories/>
    <tags/>
    <industries/>
</product>
